Africana Library Open House,Academic;Diversity and Inclusion;Family Friendly;Open House;Student Success;University Events,Africana Studies and Research Center; 310 Triphammer Road,-76.48233306,42.45742909,,https://images.localist.com/photos/16498/original/7ef9231932f3e8ccaf23dd3f5ae0be4e4984114a.jpg
Architecture; Art; and Planning (AAP) Deans Welcome and Reception,Architecture; Art & Planning;Family Friendly;First-Year Students;Required;Transfer Students,Abby and Howard Milstein Auditorium,-76.483563,42.451219,,https://images.adsttc.com/media/images/5016/40cb/28ba/0d14/1600/00af/slideshow/stringio.jpg?1414014140
Arts and Sciences Welcome Hub,Academic;Arts & Sciences;Family Friendly;Finding Community;First-Year Students;Transfer Students,Groos Family Atrium; Klarman Hall (ground floor),-76.48302913,42.4490956,,https://news.cornell.edu/sites/chronicle.cornell/files/KlarmanHall460.jpg?itok=6qGk3RkG
Arts and Sciences Welcome Hub,Academic;Arts & Sciences;Family Friendly;Finding Community;First-Year Students;Transfer Students,Groos Family Atrium; Klarman Hall (ground floor),-76.48302913,42.4490956,,https://news.cornell.edu/sites/chronicle.cornell/files/KlarmanHall460.jpg?itok=6qGk3RkG
Big Red Welcome Fest,Arts;Family Friendly;Music;University Events,Ho Plaza,-76.48507195,42.44669684,,https://images.localist.com/photos/16564/original/fddbb16d1fd21d5317bdcc8573dabaa3618febd4.jpg
Big Red Welcome Fest,Arts;Family Friendly;Music;University Events,Ho Plaza,-76.48507195,42.44669684,,https://images.localist.com/photos/16564/original/fddbb16d1fd21d5317bdcc8573dabaa3618febd4.jpg
Botanic Gardens Open House,Family Friendly;Health and Wellness;Open House;Outdoors;University Events,Nevin Welcome Center; Plantations Road,-76.4719028,42.44941495,,https://upload.wikimedia.org/wikipedia/commons/thumb/f/f6/Nevin_Welcome_Center_at_the_Cornell_Botanic_Gardens.jpg/1280px-Nevin_Welcome_Center_at_the_Cornell_Botanic_Gardens.jpg
Botanic Gardens Open House,Family Friendly;Health and Wellness;Open House;Outdoors;University Events,Nevin Welcome Center; Plantations Road,-76.4719028,42.44941495,,https://upload.wikimedia.org/wikipedia/commons/thumb/f/f6/Nevin_Welcome_Center_at_the_Cornell_Botanic_Gardens.jpg/1280px-Nevin_Welcome_Center_at_the_Cornell_Botanic_Gardens.jpg
Botanic Gardens Tour,Family Friendly;Health and Wellness;Outdoors;Tour;University Events,Nevin Welcome Center; Plantations Road,-76.4719028,42.44941495,,https://upload.wikimedia.org/wikipedia/commons/thumb/f/f6/Nevin_Welcome_Center_at_the_Cornell_Botanic_Gardens.jpg/1280px-Nevin_Welcome_Center_at_the_Cornell_Botanic_Gardens.jpg
Botanic Gardens Tour,Family Friendly;Health and Wellness;Outdoors;Tour;University Events,Nevin Welcome Center; Plantations Road,-76.4719028,42.44941495,,https://upload.wikimedia.org/wikipedia/commons/thumb/f/f6/Nevin_Welcome_Center_at_the_Cornell_Botanic_Gardens.jpg/1280px-Nevin_Welcome_Center_at_the_Cornell_Botanic_Gardens.jpg
Botanic Gardens Tour,Family Friendly;Health and Wellness;Outdoors;Tour;University Events,Nevin Welcome Center; Plantations Road,-76.4719028,42.44941495,,https://upload.wikimedia.org/wikipedia/commons/thumb/f/f6/Nevin_Welcome_Center_at_the_Cornell_Botanic_Gardens.jpg/1280px-Nevin_Welcome_Center_at_the_Cornell_Botanic_Gardens.jpg
Botanic Gardens Tour,Family Friendly;Health and Wellness;Outdoors;Tour;University Events,Nevin Welcome Center; Plantations Road,-76.4719028,42.44941495,,https://upload.wikimedia.org/wikipedia/commons/thumb/f/f6/Nevin_Welcome_Center_at_the_Cornell_Botanic_Gardens.jpg/1280px-Nevin_Welcome_Center_at_the_Cornell_Botanic_Gardens.jpg
Bursar and Financial Aid and Student Employment,University Events,Lobby,-76.483271,42.447017,,https://images.localist.com/photos/16543/original/0b0c3857f518398fbbeab27990685ea27c2448ab.jpg
CALS Welcome Lounge,Agriculture & Life Sciences;Family Friendly,Ag Quad,-76.4785992,42.44874224,,https://cals.cornell.edu/sites/cals.cornell.edu/files/news/Renovated%20Aq%20Quad.jpg
CALS Welcome Lounge,Agriculture & Life Sciences;Family Friendly,Ag Quad,-76.4785992,42.44874224,,https://cals.cornell.edu/sites/cals.cornell.edu/files/news/Renovated%20Aq%20Quad.jpg
Career Success? Yes!,Parent Program;Student Success;University Events,Rhodes-Rawlings Auditorium; KG70 Klarman Hall,-76.48302913,42.4490956,,https://news.cornell.edu/sites/chronicle.cornell/files/KlarmanHall460.jpg?itok=6qGk3RkG
Career Success? Yes!,Parent Program;Student Success;University Events,G1 Uris Hall,-76.482197,42.447205,,https://i2.wp.com/ithacavoice.com/wp-content/uploads/2014/09/Cornell_Uris_Hall_1.jpg?resize=1080%2C810&ssl=1
College of Engineering Student Services Resource Fair,Engineering;Family Friendly;Open House;Student Success,Swanson Atrium; Duffield Hall,-76.482571,42.444667,,https://pcvd.cornell.edu/wp-content/uploads/2018/01/proxy.duckduckgo.com_-1-1800x900.jpg
Cornell Cinema Open House,Arts;Diversity and Inclusion;Family Friendly;Health and Wellness;Open House;University Events,Cornell Cinema; Willard Straight Hall,-76.485645,42.446558,,https://images.localist.com/photos/16661/original/c64bb3e258e57c358c9a40cdcf91a6fb877bcc10.jpg
Cornell Cinema Open House,Arts;Diversity and Inclusion;Family Friendly;Health and Wellness;Open House;University Events,Cornell Cinema; Willard Straight Hall,-76.485645,42.446558,,https://images.localist.com/photos/16661/original/c64bb3e258e57c358c9a40cdcf91a6fb877bcc10.jpg
Cornell Health Open House,Family Friendly;Health and Wellness;University Events,Cornell Health,-76.485558,42.445832,,https://ecdn.evensi.com/e314490880?cph=gAAAAABdDlmmwe-LfKnK64BOl4g82-ozUYeySQy74vvK0tqXM1fx4E4QHobGGq8jp6zGqcYkiY8mRbqnKa4NzILB-gMruQJOyUaCAsQ3YRDEfeKYVk8jsBh9CvWlphdvEX_9Q7uLqwOai0CkK-PfbHNTRoMV-4d1__o2yoHOScA1o2q4nzrDQTXG54bHs7Jqtx1jNGT3KO0aKI1wNI_aOWQ-Cu4hoMfuTNcw4cMRVzvZNzlk6l2nafpKqHRhY1kmneBCTjSAmo2qz4T9kwPHahr1AyedlnqtqhqQn0NHM_lDaLfdq_cFI_GY3GH0BRrMggP7WoR3ZCgTHDaIEE_7GxqbG60AjsSCYA==
Cornell Health Open House,Family Friendly;Health and Wellness;University Events,Cornell Health,-76.485558,42.445832,,https://ecdn.evensi.com/e314490880?cph=gAAAAABdDlmmwe-LfKnK64BOl4g82-ozUYeySQy74vvK0tqXM1fx4E4QHobGGq8jp6zGqcYkiY8mRbqnKa4NzILB-gMruQJOyUaCAsQ3YRDEfeKYVk8jsBh9CvWlphdvEX_9Q7uLqwOai0CkK-PfbHNTRoMV-4d1__o2yoHOScA1o2q4nzrDQTXG54bHs7Jqtx1jNGT3KO0aKI1wNI_aOWQ-Cu4hoMfuTNcw4cMRVzvZNzlk6l2nafpKqHRhY1kmneBCTjSAmo2qz4T9kwPHahr1AyedlnqtqhqQn0NHM_lDaLfdq_cFI_GY3GH0BRrMggP7WoR3ZCgTHDaIEE_7GxqbG60AjsSCYA==
Cornell IT Security Office Open House,Family Friendly;Open House;Student Success;University Events,B40 Olin Library,-76.484241,42.44785,,https://upload.wikimedia.org/wikipedia/commons/thumb/8/86/Cornell_Olin_Library_2.jpg/1280px-Cornell_Olin_Library_2.jpg
Cornell IT Security Office Open House,Family Friendly;Open House;Student Success;University Events,B40 Olin Library,-76.484241,42.44785,,https://upload.wikimedia.org/wikipedia/commons/thumb/8/86/Cornell_Olin_Library_2.jpg/1280px-Cornell_Olin_Library_2.jpg
Cornell School of Continuing Education (SCE) Open House: Learn about Summer and Winter Study Options,Academic;Family Friendly;Open House;University Events,B20 Day Hall,-76.483271,42.447017,,https://images.localist.com/photos/16543/original/0b0c3857f518398fbbeab27990685ea27c2448ab.jpg
Deans Drop-In Welcome,Family Friendly;SC Johnson College of Business - Dyson School,Ag Quad Tent,-76.4785992,42.44874224,,https://cals.cornell.edu/sites/cals.cornell.edu/files/news/Renovated%20Aq%20Quad.jpg
Deans Welcome and Informational Briefing for Families,Engineering;Parent Program,Barton Hall,-76.480718,42.445954,,https://upload.wikimedia.org/wikipedia/commons/thumb/3/3f/Barton_Hall%2C_at_Cornell_University.jpg/1280px-Barton_Hall%2C_at_Cornell_University.jpg
Diversity and Inclusion Student Orientation and Parents Panel,Academic;Diversity and Inclusion;Family Friendly;Finding Community;Student Success;University Events,B25 Auditorium; Warren Hall,-76.477098,42.449213,,https://cornellsun.com/wp-content/uploads/2018/09/Pg-1-Warren-by-Cameron-Pollack-Senior-Photographer.jpg
Diversity and Inclusion Student Orientation and Parents Panel,Academic;Diversity and Inclusion;Family Friendly;Finding Community;Student Success;University Events,B25 Auditorium; Warren Hall,-76.477098,42.449213,,https://cornellsun.com/wp-content/uploads/2018/09/Pg-1-Warren-by-Cameron-Pollack-Senior-Photographer.jpg
Division of Asia Collections Open House,Academic;Family Friendly;Open House;University Events,Level 1; Kroch Library,-76.483459,42.448031,,https://upload.wikimedia.org/wikipedia/commons/thumb/8/86/Cornell_Olin_Library_2.jpg/1280px-Cornell_Olin_Library_2.jpg
Division of Rare and Manuscript Collections Open House,Academic;Family Friendly;Open House;Student Success;University Events,Level 2B; Kroch Library,-76.483459,42.448031,,https://upload.wikimedia.org/wikipedia/commons/thumb/8/86/Cornell_Olin_Library_2.jpg/1280px-Cornell_Olin_Library_2.jpg
Division of Rare and Manuscript Collections Open House,Academic;Family Friendly;Open House;Student Success;University Events,Level 2B; Kroch Library,-76.483459,42.448031,,https://upload.wikimedia.org/wikipedia/commons/thumb/8/86/Cornell_Olin_Library_2.jpg/1280px-Cornell_Olin_Library_2.jpg
Dump and Run,Family Friendly;University Events,Shops at Ithaca Mall,-76.49309408,42.48384536,,https://www.gannett-cdn.com/-mm-/1beab48a4fdef50e3f6d96672089fca6e8d40f6a/c=0-100-2000-1228/local/-/media/Ithaca/2014/09/24/shopsatithacamall.jpg?width=3200&height=1680&fit=crop
Dump and Run,Family Friendly;University Events,Shops at Ithaca Mall,-76.49309408,42.48384536,,https://www.gannett-cdn.com/-mm-/1beab48a4fdef50e3f6d96672089fca6e8d40f6a/c=0-100-2000-1228/local/-/media/Ithaca/2014/09/24/shopsatithacamall.jpg?width=3200&height=1680&fit=crop
Education Abroad Open House,Academic;Family Friendly;First-Year Students;Open House;Transfer Students;University Events,276 Caldwell Hall,-76.478261,42.449222,,https://upload.wikimedia.org/wikipedia/commons/thumb/4/4c/Cornell_Caldwell_Hall.jpg/1280px-Cornell_Caldwell_Hall.jpg
Education Abroad Open House,Academic;Family Friendly;First-Year Students;Open House;Transfer Students;University Events,276 Caldwell Hall,-76.478261,42.449222,,https://upload.wikimedia.org/wikipedia/commons/thumb/4/4c/Cornell_Caldwell_Hall.jpg/1280px-Cornell_Caldwell_Hall.jpg
Engineering Light Dinner Reception and Major Information Fair,Engineering;Family Friendly;Featured;Open House,Swanson Atrium; Duffield Hall; 116 Upson Hall,-76.482571,42.444667,,https://pcvd.cornell.edu/wp-content/uploads/2018/01/proxy.duckduckgo.com_-1-1800x900.jpg
Explore Cornells Campus Gorges,Family Friendly;Outdoors;Tour;University Events,Meet in front of Martin Y. Tang Welcome Center,-76.48035553,42.45224409,,https://upload.wikimedia.org/wikipedia/commons/thumb/c/ce/Tang_Welcome_Center_at_Noyes_Lodge%2C_Cornell_University.jpg/1280px-Tang_Welcome_Center_at_Noyes_Lodge%2C_Cornell_University.jpg
Explore Cornells Campus Gorges,Family Friendly;Outdoors;Tour;University Events,Meet in front of Martin Y. Tang Welcome Center,-76.48035553,42.45224409,,https://upload.wikimedia.org/wikipedia/commons/thumb/c/ce/Tang_Welcome_Center_at_Noyes_Lodge%2C_Cornell_University.jpg/1280px-Tang_Welcome_Center_at_Noyes_Lodge%2C_Cornell_University.jpg
Family Welcome Reception,Architecture; Art & Planning;Parent Program,Milstein Hall Dome,-76.483563,42.451219,,https://images.adsttc.com/media/images/5016/40cb/28ba/0d14/1600/00af/slideshow/stringio.jpg?1414014140
Fine Arts Library Tours,Academic;Architecture; Art & Planning;Arts;Family Friendly;Student Success;Tour;University Events,Rand Hall,-76.482892,42.451229,,https://news.cornell.edu/sites/default/files/styles/full_size/public/2018-01/0125_fal2.jpg?itok=0bhbUuSA
Fine Arts Library Tours,Academic;Architecture; Art & Planning;Arts;Family Friendly;Student Success;Tour;University Events,Rand Hall,-76.482892,42.451229,,https://news.cornell.edu/sites/default/files/styles/full_size/public/2018-01/0125_fal2.jpg?itok=0bhbUuSA
Fine Arts Library Tours,Academic;Architecture; Art & Planning;Arts;Family Friendly;Student Success;Tour;University Events,Rand Hall,-76.482892,42.451229,,https://news.cornell.edu/sites/default/files/styles/full_size/public/2018-01/0125_fal2.jpg?itok=0bhbUuSA
Friday Family Fun Night with Cornell Recreational Services,Family Friendly;Health and Wellness;Open House;University Events,Helen Newman Hall,-76.477354,42.452959,,https://upload.wikimedia.org/wikipedia/commons/thumb/4/48/Helen_Newman_Hall%2C_Cornell_University.jpg/1280px-Helen_Newman_Hall%2C_Cornell_University.jpg
Greek Life for Parents,Finding Community;Parent Program;University Events,Lewis Auditorium; G76 Goldwin Smith Hall,-76.483473,42.449063,,https://images.localist.com/photos/16561/original/de5bdc675be16660492806e1bf6fa2ae654e5c56.jpg
Greek Life for Parents,Finding Community;Parent Program;University Events,HEC Auditorium; 132 Goldwin Smith Hall,-76.483473,42.449063,,https://images.localist.com/photos/16561/original/de5bdc675be16660492806e1bf6fa2ae654e5c56.jpg
Health Requirements Clinic,Family Friendly;Health and Wellness;University Events,Level 1 Tang Conference Rooms; Cornell Health,-76.485558,42.445832,,https://ecdn.evensi.com/e314490880?cph=gAAAAABdDlmmwe-LfKnK64BOl4g82-ozUYeySQy74vvK0tqXM1fx4E4QHobGGq8jp6zGqcYkiY8mRbqnKa4NzILB-gMruQJOyUaCAsQ3YRDEfeKYVk8jsBh9CvWlphdvEX_9Q7uLqwOai0CkK-PfbHNTRoMV-4d1__o2yoHOScA1o2q4nzrDQTXG54bHs7Jqtx1jNGT3KO0aKI1wNI_aOWQ-Cu4hoMfuTNcw4cMRVzvZNzlk6l2nafpKqHRhY1kmneBCTjSAmo2qz4T9kwPHahr1AyedlnqtqhqQn0NHM_lDaLfdq_cFI_GY3GH0BRrMggP7WoR3ZCgTHDaIEE_7GxqbG60AjsSCYA==
Highlights Tour of the Johnson Museum of Art,Arts;Family Friendly;University Events,Appel Lobby; Johnson Museum of Art,-76.48607233,42.45072827,,https://images.adsttc.com/media/images/5038/0794/28ba/0d59/9b00/0a04/newsletter/stringio.jpg?1414197905
Hotel School Deans Welcome,Family Friendly;Finding Community;Required;SC Johnson College of Business - Hotel Administration;Student Success,Statler Auditorium; Statler Hall,-76.48213663,42.44545558,,https://upload.wikimedia.org/wikipedia/commons/thumb/0/0b/Statler_Hall%2C_Cornell_University%2C_west_facade.jpg/1280px-Statler_Hall%2C_Cornell_University%2C_west_facade.jpg
Hotel School Welcome Hub,Family Friendly;Finding Community;SC Johnson College of Business - Hotel Administration;Student Success,Foyer; 180 Statler Hall,-76.48215482,42.44577564,,https://upload.wikimedia.org/wikipedia/commons/thumb/0/0b/Statler_Hall%2C_Cornell_University%2C_west_facade.jpg/1280px-Statler_Hall%2C_Cornell_University%2C_west_facade.jpg
Hotel School Welcome Reception,Family Friendly;First-Year Students;SC Johnson College of Business - Hotel Administration;Transfer Students;Visiting & Exchange Students,Statler Auditorium; Statler Hall,-76.48215482,42.44577564,,https://upload.wikimedia.org/wikipedia/commons/thumb/0/0b/Statler_Hall%2C_Cornell_University%2C_west_facade.jpg/1280px-Statler_Hall%2C_Cornell_University%2C_west_facade.jpg
Human Ecology Deans Welcome,Family Friendly;Human Ecology;Required,Call Alumni Auditorium; Kennedy Hall,-76.479259,42.448094,,https://upload.wikimedia.org/wikipedia/commons/0/0b/Kennedy-Roberts_Hall_at_Cornell_University.jpg
Human Ecology Department Information Sessions for Parents/Guardians,Human Ecology;Parent Program,Locations available at Human Ecology Dean’s Welcome,0,0,,https://ncre.cornell.edu/sites/ncre/files/2019-04/Aerial%20view%20of%20North%20Campus%20TIFF%201396_05_111_select.jpg
ILR Deans Welcome,Family Friendly;ILR School;Required,Uris Auditorium; Uris Hall; 1st Floor,-76.482197,42.447205,,https://i2.wp.com/ithacavoice.com/wp-content/uploads/2014/09/Cornell_Uris_Hall_1.jpg?resize=1080%2C810&ssl=1
ILR Family Reception,Family Friendly;First-Year Students;ILR School;Outdoors;Transfer Students,Harry C. Katz Courtyard; Ives Hall,-76.481015,42.447248,,https://upload.wikimedia.org/wikipedia/commons/thumb/c/c0/Ives_Hall%2C_Cornell_University.jpg/1280px-Ives_Hall%2C_Cornell_University.jpg
ILR Open House,Family Friendly;First-Year Students;ILR School;Open House;Transfer Students,Lobby; Ives Hall; 2nd Floor,-76.481015,42.447248,,https://upload.wikimedia.org/wikipedia/commons/thumb/c/c0/Ives_Hall%2C_Cornell_University.jpg/1280px-Ives_Hall%2C_Cornell_University.jpg
IT@Cornell Open House,Family Friendly;Open House;Service;Student Success;University Events,B40 Olin Library,-76.484241,42.44785,,https://upload.wikimedia.org/wikipedia/commons/thumb/8/86/Cornell_Olin_Library_2.jpg/1280px-Cornell_Olin_Library_2.jpg
IT@Cornell Open House,Family Friendly;Open House;Service;Student Success;University Events,B40 Olin Library,-76.484241,42.44785,,https://upload.wikimedia.org/wikipedia/commons/thumb/8/86/Cornell_Olin_Library_2.jpg/1280px-Cornell_Olin_Library_2.jpg
Language Resource Center Open House,Academic;Family Friendly;Open House;University Events,Ground Floor; Stimson Hall,-76.483347,42.447773,,https://upload.wikimedia.org/wikipedia/commons/thumb/1/1c/Cornell_Stimson_Hall_1.jpg/1280px-Cornell_Stimson_Hall_1.jpg
Mann Library New Student Welcome,Academic;Agriculture & Life Sciences;Family Friendly;Human Ecology;Open House;SC Johnson College of Business - Dyson School;Student Success;University Events,Mann Library Lobby,-76.476343,42.448793,,https://upload.wikimedia.org/wikipedia/commons/thumb/3/38/Cornell_Mann_Library_Exterior_1.jpg/1280px-Cornell_Mann_Library_Exterior_1.jpg
Mann Library Tours,Academic;Agriculture & Life Sciences;Family Friendly;Human Ecology;SC Johnson College of Business - Dyson School;Student Success;Tour;University Events,Departing from Mann Library Lobby,-76.476343,42.448793,,https://upload.wikimedia.org/wikipedia/commons/thumb/3/38/Cornell_Mann_Library_Exterior_1.jpg/1280px-Cornell_Mann_Library_Exterior_1.jpg
Mann Library Tours,Academic;Agriculture & Life Sciences;Family Friendly;Human Ecology;SC Johnson College of Business - Dyson School;Student Success;Tour;University Events,Departing from Mann Library Lobby,-76.476343,42.448793,,https://upload.wikimedia.org/wikipedia/commons/thumb/3/38/Cornell_Mann_Library_Exterior_1.jpg/1280px-Cornell_Mann_Library_Exterior_1.jpg
Mann Library Tours,Academic;Agriculture & Life Sciences;Family Friendly;Human Ecology;SC Johnson College of Business - Dyson School;Student Success;Tour;University Events,Departing from Mann Library Lobby,-76.476343,42.448793,,https://upload.wikimedia.org/wikipedia/commons/thumb/3/38/Cornell_Mann_Library_Exterior_1.jpg/1280px-Cornell_Mann_Library_Exterior_1.jpg
Mann Library Tours,Academic;Agriculture & Life Sciences;Family Friendly;Human Ecology;SC Johnson College of Business - Dyson School;Student Success;Tour;University Events,Departing from Mann Library Lobby,-76.476343,42.448793,,https://upload.wikimedia.org/wikipedia/commons/thumb/3/38/Cornell_Mann_Library_Exterior_1.jpg/1280px-Cornell_Mann_Library_Exterior_1.jpg
Mann Library Tours,Academic;Agriculture & Life Sciences;Family Friendly;Human Ecology;SC Johnson College of Business - Dyson School;Student Success;Tour;University Events,Departing from Mann Library Lobby,-76.476343,42.448793,,https://upload.wikimedia.org/wikipedia/commons/thumb/3/38/Cornell_Mann_Library_Exterior_1.jpg/1280px-Cornell_Mann_Library_Exterior_1.jpg
Mann Library Tours,Academic;Agriculture & Life Sciences;Family Friendly;Human Ecology;SC Johnson College of Business - Dyson School;Student Success;Tour;University Events,Departing from Mann Library Lobby,-76.476343,42.448793,,https://upload.wikimedia.org/wikipedia/commons/thumb/3/38/Cornell_Mann_Library_Exterior_1.jpg/1280px-Cornell_Mann_Library_Exterior_1.jpg
Music Library Open House,Academic;Arts;Family Friendly;Music;Open House;Tour;University Events,220 Lincoln Hall,-76.483496,42.450147,,https://upload.wikimedia.org/wikipedia/commons/thumb/5/56/Lincoln_Hall_2000_addition%2C_Cornell_University.jpg/1280px-Lincoln_Hall_2000_addition%2C_Cornell_University.jpg
Nestlé Hotel Library Open House,Academic;Family Friendly;Open House;SC Johnson College of Business - Hotel Administration;Student Success,G80 Statler Hall,-76.48215482,42.44577564,,https://upload.wikimedia.org/wikipedia/commons/thumb/0/0b/Statler_Hall%2C_Cornell_University%2C_west_facade.jpg/1280px-Statler_Hall%2C_Cornell_University%2C_west_facade.jpg
New Student Convocation,Family Friendly;Featured;Required;University Events;Architecture; Art & Planning;Arts & Sciences;Agriculture & Life Sciences;Engineering;Human Ecology;ILR School;SC Johnson College of Business - Dyson School;SC Johnson College of Business - Hotel Administration;Transfer Students,Schoellkopf Field,-76.47865685,42.44403207,,https://pbs.twimg.com/media/DfsPPV2UEAAEqZQ.jpg
Olin and Uris Libraries Tours,Academic;Arts & Sciences;Family Friendly;Student Success;Tour;University Events,Departing from Olin Library Lobby,-76.484241,42.44785,,https://upload.wikimedia.org/wikipedia/commons/thumb/8/86/Cornell_Olin_Library_2.jpg/1280px-Cornell_Olin_Library_2.jpg
Olin and Uris Libraries Tours,Academic;Arts & Sciences;Family Friendly;Student Success;Tour;University Events,Departing from Olin Library Lobby,-76.484241,42.44785,,https://upload.wikimedia.org/wikipedia/commons/thumb/8/86/Cornell_Olin_Library_2.jpg/1280px-Cornell_Olin_Library_2.jpg
Olin and Uris Libraries Tours,Academic;Arts & Sciences;Family Friendly;Student Success;Tour;University Events,Departing from Olin Library Lobby,-76.484241,42.44785,,https://upload.wikimedia.org/wikipedia/commons/thumb/8/86/Cornell_Olin_Library_2.jpg/1280px-Cornell_Olin_Library_2.jpg
Olin and Uris Libraries Tours,Academic;Arts & Sciences;Family Friendly;Student Success;Tour;University Events,Departing from Olin Library Lobby,-76.484241,42.44785,,https://upload.wikimedia.org/wikipedia/commons/thumb/8/86/Cornell_Olin_Library_2.jpg/1280px-Cornell_Olin_Library_2.jpg
Olin and Uris Libraries Tours,Academic;Arts & Sciences;Family Friendly;Student Success;Tour;University Events,Departing from Olin Library Lobby,-76.484241,42.44785,,https://upload.wikimedia.org/wikipedia/commons/thumb/8/86/Cornell_Olin_Library_2.jpg/1280px-Cornell_Olin_Library_2.jpg
Olin and Uris Libraries Tours,Academic;Arts & Sciences;Family Friendly;Student Success;Tour;University Events,Departing from Olin Library Lobby,-76.484241,42.44785,,https://upload.wikimedia.org/wikipedia/commons/thumb/8/86/Cornell_Olin_Library_2.jpg/1280px-Cornell_Olin_Library_2.jpg
Olin and Uris Libraries Tours,Academic;Arts & Sciences;Family Friendly;Student Success;Tour;University Events,Departing from Olin Library Lobby,-76.484241,42.44785,,https://upload.wikimedia.org/wikipedia/commons/thumb/8/86/Cornell_Olin_Library_2.jpg/1280px-Cornell_Olin_Library_2.jpg
Olin and Uris Libraries Tours,Academic;Arts & Sciences;Family Friendly;Student Success;Tour;University Events,Departing from Olin Library Lobby,-76.484241,42.44785,,https://upload.wikimedia.org/wikipedia/commons/thumb/8/86/Cornell_Olin_Library_2.jpg/1280px-Cornell_Olin_Library_2.jpg
Olin and Uris Libraries Tours,Academic;Arts & Sciences;Family Friendly;Student Success;Tour;University Events,Departing from Olin Library Lobby,-76.484241,42.44785,,https://upload.wikimedia.org/wikipedia/commons/thumb/8/86/Cornell_Olin_Library_2.jpg/1280px-Cornell_Olin_Library_2.jpg
Open House for Families of New Students in Human Ecology,Family Friendly;First-Year Students;Human Ecology;Transfer Students,125 Academic Surge Facility A,-76.478316,42.448307,,https://www.fs.cornell.edu/fs/facinfo/displayImage.cfm?imageId=1047
Open House for Families of New Students in Human Ecology,Family Friendly;First-Year Students;Human Ecology;Transfer Students,125 Academic Surge Facility A,-76.478316,42.448307,,https://www.fs.cornell.edu/fs/facinfo/displayImage.cfm?imageId=1047
Performing and Media Arts Welcome Event,Arts;Family Friendly;Open House;University Events,Schwartz Center Courtyard (rain location: Schwartz Center Lobby),-76.48593,42.442437,,https://images.localist.com/photos/30768689232836/original/0b960fc934a73e7ddc9f75ffdf902e06d24f5923.jpg
Shabbat Experience Dinner,Family Friendly;Finding Community;University Events,Multipurpose Room; Robert Purcell Community Center (RPCC),-76.477497,42.455934,,https://images.localist.com/photos/16848/original/d3a937cb9cbaf441de5bceff711b64b4ef07e4e5.jpg
Student Disability Services (SDS) Open House,Diversity and Inclusion;Family Friendly;Open House;University Events,Student Advocacy Suite; Level 5; Cornell Health,-76.485558,42.445832,,https://ecdn.evensi.com/e314490880?cph=gAAAAABdDlmmwe-LfKnK64BOl4g82-ozUYeySQy74vvK0tqXM1fx4E4QHobGGq8jp6zGqcYkiY8mRbqnKa4NzILB-gMruQJOyUaCAsQ3YRDEfeKYVk8jsBh9CvWlphdvEX_9Q7uLqwOai0CkK-PfbHNTRoMV-4d1__o2yoHOScA1o2q4nzrDQTXG54bHs7Jqtx1jNGT3KO0aKI1wNI_aOWQ-Cu4hoMfuTNcw4cMRVzvZNzlk6l2nafpKqHRhY1kmneBCTjSAmo2qz4T9kwPHahr1AyedlnqtqhqQn0NHM_lDaLfdq_cFI_GY3GH0BRrMggP7WoR3ZCgTHDaIEE_7GxqbG60AjsSCYA==
Student Disability Services (SDS) Open House,Diversity and Inclusion;Family Friendly;Open House;University Events,Student Advocacy Suite; Level 5; Cornell Health,-76.485558,42.445832,,https://ecdn.evensi.com/e314490880?cph=gAAAAABdDlmmwe-LfKnK64BOl4g82-ozUYeySQy74vvK0tqXM1fx4E4QHobGGq8jp6zGqcYkiY8mRbqnKa4NzILB-gMruQJOyUaCAsQ3YRDEfeKYVk8jsBh9CvWlphdvEX_9Q7uLqwOai0CkK-PfbHNTRoMV-4d1__o2yoHOScA1o2q4nzrDQTXG54bHs7Jqtx1jNGT3KO0aKI1wNI_aOWQ-Cu4hoMfuTNcw4cMRVzvZNzlk6l2nafpKqHRhY1kmneBCTjSAmo2qz4T9kwPHahr1AyedlnqtqhqQn0NHM_lDaLfdq_cFI_GY3GH0BRrMggP7WoR3ZCgTHDaIEE_7GxqbG60AjsSCYA==
Supporting My LGBTQ+ Student @ Cornell,Diversity and Inclusion;Finding Community;Parent Program;University Events,3rd Floor Multipurpose Room; LGBT Resource Center; 626 Thurston Avenue,-76.4808654,42.45183314,,https://www.fs.cornell.edu/facinfo/displayImage.cfm?imageId=4767
Supporting My LGBTQ+ Student @ Cornell,Diversity and Inclusion;Finding Community;Parent Program;University Events,3rd Floor Multipurpose Room; LGBT Resource Center; 626 Thurston Avenue,-76.4808654,42.45183314,,https://www.fs.cornell.edu/facinfo/displayImage.cfm?imageId=4767
Tatkon Center for First-Year Students Open House,Family Friendly;Finding Community;Health and Wellness;Open House;Student Success;University Events,Tatkon Center,-76.47917981,42.45325331,,https://upload.wikimedia.org/wikipedia/commons/b/b8/Cornell_Balch_Halls_Exterior.jpg
Tatkon Center for First-Year Students Open House,Family Friendly;Finding Community;Health and Wellness;Open House;Student Success;University Events,Tatkon Center,-76.47917981,42.45325331,,https://upload.wikimedia.org/wikipedia/commons/b/b8/Cornell_Balch_Halls_Exterior.jpg
The Cornell Store Back-to-School Events,Family Friendly,The Cornell Store,-76.484202,42.446744,,https://upload.wikimedia.org/wikipedia/commons/thumb/3/35/Cornell_Store%2C_Cornell_University.jpg/1200px-Cornell_Store%2C_Cornell_University.jpg
The Cornell Store Back-to-School Events,Family Friendly,The Cornell Store,-76.484202,42.446744,,https://upload.wikimedia.org/wikipedia/commons/thumb/3/35/Cornell_Store%2C_Cornell_University.jpg/1200px-Cornell_Store%2C_Cornell_University.jpg
Undocu-Orientation,Diversity and Inclusion;Parent Program;University Events,Location provided upon RSVP,0,0,,https://ncre.cornell.edu/sites/ncre/files/2019-04/Aerial%20view%20of%20North%20Campus%20TIFF%201396_05_111_select.jpg
Undocu-Orientation,Diversity and Inclusion;Parent Program;University Events,Location provided upon RSVP,0,0,,https://ncre.cornell.edu/sites/ncre/files/2019-04/Aerial%20view%20of%20North%20Campus%20TIFF%201396_05_111_select.jpg
mannUfactory Makerspace Open House,Academic;Arts;Family Friendly;Open House;University Events,112 Mann Library,-76.476343,42.448793,,https://upload.wikimedia.org/wikipedia/commons/thumb/3/38/Cornell_Mann_Library_Exterior_1.jpg/1280px-Cornell_Mann_Library_Exterior_1.jpg
mannUfactory Makerspace Open House,Academic;Arts;Family Friendly;Open House;University Events,112 Mann Library,-76.476343,42.448793,,https://upload.wikimedia.org/wikipedia/commons/thumb/3/38/Cornell_Mann_Library_Exterior_1.jpg/1280px-Cornell_Mann_Library_Exterior_1.jpg
Cornell Department of Music Open House,Architecture; Art & Planning;Arts & Sciences;Agriculture & Life Sciences;Engineering;Human Ecology;SC Johnson College of Business - Dyson School;SC Johnson College of Business - Hotel Administration;ILR School,Lincoln Hall,-76.483496,42.450147,,https://upload.wikimedia.org/wikipedia/commons/thumb/5/56/Lincoln_Hall_2000_addition%2C_Cornell_University.jpg/1280px-Lincoln_Hall_2000_addition%2C_Cornell_University.jpg
Residence Hall Community Meetings (Friday Move-In),Architecture; Art & Planning;Arts & Sciences;Agriculture & Life Sciences;Engineering;Human Ecology;SC Johnson College of Business - Dyson School;SC Johnson College of Business - Hotel Administration,North Campus; Residence Halls,-76.467507,42.44629,,https://ncre.cornell.edu/sites/ncre/files/2019-04/Aerial%20view%20of%20North%20Campus%20TIFF%201396_05_111_select.jpg
Friday Night on North,Architecture; Art & Planning;Arts & Sciences;Agriculture & Life Sciences;Engineering;Human Ecology;SC Johnson College of Business - Dyson School;SC Johnson College of Business - Hotel Administration;ILR School,Court-Kay-Bauer (CKB) Quad,-76.47838998,42.45431648,,https://upload.wikimedia.org/wikipedia/commons/thumb/d/d8/Kay_Hall_%28left%29_and_Bauer_Hall_%28right%29%2C_Cornell_University.jpg/1280px-Kay_Hall_%28left%29_and_Bauer_Hall_%28right%29%2C_Cornell_University.jpg
Cornell Department of Music Open House,Architecture; Art & Planning;Arts & Sciences;Agriculture & Life Sciences;Engineering;Human Ecology;SC Johnson College of Business - Dyson School;SC Johnson College of Business - Hotel Administration;ILR School,Lincoln Hall,-76.483496,42.450147,,https://upload.wikimedia.org/wikipedia/commons/thumb/5/56/Lincoln_Hall_2000_addition%2C_Cornell_University.jpg/1280px-Lincoln_Hall_2000_addition%2C_Cornell_University.jpg
Arch Sings,Architecture; Art & Planning;Arts & Sciences;Agriculture & Life Sciences;Engineering;Human Ecology;SC Johnson College of Business - Dyson School;SC Johnson College of Business - Hotel Administration;ILR School,Balch Arch,-76.478316,42.448307,,https://upload.wikimedia.org/wikipedia/commons/b/b8/Cornell_Balch_Halls_Exterior.jpg
Residence Hall Community Meetings (Saturday Move-In),Architecture; Art & Planning;Arts & Sciences;Agriculture & Life Sciences;Engineering;Human Ecology;SC Johnson College of Business - Dyson School;SC Johnson College of Business - Hotel Administration,North Campus; North Campus Residence Halls,-76.467507,42.44629,,https://ncre.cornell.edu/sites/ncre/files/2019-04/Aerial%20view%20of%20North%20Campus%20TIFF%201396_05_111_select.jpg
One Cornell,Architecture; Art & Planning;Arts & Sciences;Agriculture & Life Sciences;Engineering;Human Ecology;SC Johnson College of Business - Dyson School;SC Johnson College of Business - Hotel Administration,Court-Kay-Bauer (CKB) Quad,-76.47838998,42.45431648,,https://upload.wikimedia.org/wikipedia/commons/thumb/d/d8/Kay_Hall_%28left%29_and_Bauer_Hall_%28right%29%2C_Cornell_University.jpg/1280px-Kay_Hall_%28left%29_and_Bauer_Hall_%28right%29%2C_Cornell_University.jpg
First-Year Festival!,Architecture; Art & Planning;Arts & Sciences;Agriculture & Life Sciences;Engineering;Human Ecology;SC Johnson College of Business - Dyson School;SC Johnson College of Business - Hotel Administration,Barton Hall,-76.4897381,42.4539992,,https://upload.wikimedia.org/wikipedia/commons/thumb/3/3f/Barton_Hall%2C_at_Cornell_University.jpg/1280px-Barton_Hall%2C_at_Cornell_University.jpg
Big Red Marching Band Auditions,Architecture; Art & Planning;Arts & Sciences;Agriculture & Life Sciences;Engineering;Human Ecology;SC Johnson College of Business - Dyson School;SC Johnson College of Business - Hotel Administration;ILR School,Fischell Band Center,-76.47798354,42.44328227,,https://upload.wikimedia.org/wikipedia/commons/thumb/f/f6/Fischell_Band_Center_at_Cornell_University.jpg/1280px-Fischell_Band_Center_at_Cornell_University.jpg
Discover the Tatkon Center for First-Year Students,Architecture; Art & Planning;Arts & Sciences;Agriculture & Life Sciences;Engineering;Human Ecology;SC Johnson College of Business - Dyson School;SC Johnson College of Business - Hotel Administration;ILR School,Tatkon Center,-76.47917981,42.45325331,,https://upload.wikimedia.org/wikipedia/commons/b/b8/Cornell_Balch_Halls_Exterior.jpg
Learning Where You Live: Unique Course Opportunities,Architecture; Art & Planning;Arts & Sciences;Agriculture & Life Sciences;Engineering;Human Ecology;SC Johnson College of Business - Dyson School;SC Johnson College of Business - Hotel Administration;ILR School,Tatkon Center; 3330,-76.47917981,42.45325331,,https://upload.wikimedia.org/wikipedia/commons/b/b8/Cornell_Balch_Halls_Exterior.jpg
Choral Showcase Concert,Architecture; Art & Planning;Arts & Sciences;Agriculture & Life Sciences;Engineering;Human Ecology;SC Johnson College of Business - Dyson School;SC Johnson College of Business - Hotel Administration;ILR School,Sage Chapel,-76.484459,42.447201,,https://images.localist.com/photos/16629/original/15dbe59a29aac251b8b04bcb8b4915c7c89dd65d.jpg
Open Paddle with Cornell Outing Club,Architecture; Art & Planning;Arts & Sciences;Agriculture & Life Sciences;Engineering;Human Ecology;SC Johnson College of Business - Dyson School;SC Johnson College of Business - Hotel Administration;ILR School,Beebe Lake; meet by boats,-76.48967,42.45538,,https://images.localist.com/photos/241060/original/aac5771c6c16d2ed3085659adb9b4edaef38a131.jpg
New Student Field Day,Architecture; Art & Planning;Arts & Sciences;Agriculture & Life Sciences;Engineering;Human Ecology;SC Johnson College of Business - Dyson School;SC Johnson College of Business - Hotel Administration;ILR School,Court-Kay-Bauer (CKB) Quad,-76.47838998,42.45431648,,https://upload.wikimedia.org/wikipedia/commons/thumb/d/d8/Kay_Hall_%28left%29_and_Bauer_Hall_%28right%29%2C_Cornell_University.jpg/1280px-Kay_Hall_%28left%29_and_Bauer_Hall_%28right%29%2C_Cornell_University.jpg
Walk and Talk with Cornell Minds Matter,Architecture; Art & Planning;Arts & Sciences;Agriculture & Life Sciences;Engineering;Human Ecology;SC Johnson College of Business - Dyson School;SC Johnson College of Business - Hotel Administration;ILR School,Tatkon Center,-76.47917981,42.45325331,,https://upload.wikimedia.org/wikipedia/commons/b/b8/Cornell_Balch_Halls_Exterior.jpg
Everything You Need to Know About Being a Cornellian,Architecture; Art & Planning;Arts & Sciences;Agriculture & Life Sciences;Engineering;Human Ecology;SC Johnson College of Business - Dyson School;SC Johnson College of Business - Hotel Administration;ILR School,Uris Hall; Uris Auditorium,-76.482197,42.447205,,https://i2.wp.com/ithacavoice.com/wp-content/uploads/2014/09/Cornell_Uris_Hall_1.jpg?resize=1080%2C810&ssl=1
First-Generation New Student Social,Architecture; Art & Planning;Arts & Sciences;Agriculture & Life Sciences;Engineering;Human Ecology;SC Johnson College of Business - Dyson School;SC Johnson College of Business - Hotel Administration;ILR School,626 Thurston; Conference Room,-76.4808654,42.45183314,,https://www.fs.cornell.edu/facinfo/displayImage.cfm?imageId=4767
Leadership at Cornell,Architecture; Art & Planning;Arts & Sciences;Agriculture & Life Sciences;Engineering;Human Ecology;SC Johnson College of Business - Dyson School;SC Johnson College of Business - Hotel Administration;ILR School,Warren Hall; 173,-76.477098,42.449213,,https://cornellsun.com/wp-content/uploads/2018/09/Pg-1-Warren-by-Cameron-Pollack-Senior-Photographer.jpg
Queer Connections: LGBT Resource Center Meet and Greet,Architecture; Art & Planning;Arts & Sciences;Agriculture & Life Sciences;Engineering;Human Ecology;SC Johnson College of Business - Dyson School;SC Johnson College of Business - Hotel Administration;ILR School,626 Thurston; LGBT Resource Center,-76.4808654,42.45183314,,https://www.fs.cornell.edu/facinfo/displayImage.cfm?imageId=4767
Arch Sings,Architecture; Art & Planning;Arts & Sciences;Agriculture & Life Sciences;Engineering;Human Ecology;SC Johnson College of Business - Dyson School;SC Johnson College of Business - Hotel Administration;ILR School,Balch Arch,-76.478316,42.448307,,https://upload.wikimedia.org/wikipedia/commons/b/b8/Cornell_Balch_Halls_Exterior.jpg
Arch Sings,Architecture; Art & Planning;Arts & Sciences;Agriculture & Life Sciences;Engineering;Human Ecology;SC Johnson College of Business - Dyson School;SC Johnson College of Business - Hotel Administration;ILR School,Baker Flagpole,-76.48188889,42.44780278,,https://news.cornell.edu/sites/default/files/styles/full_size/public/2018-11/UP_2018_1052_007.jpg?itok=LoKZ2hI5
Orientation Leader Meeting I: First-Year Students,Architecture; Art & Planning,Arts Quad; Find Your Group In Front of Sibley Hall,-76.484966,42.44211389,,https://fcs.cornell.edu/sites/default/files/imce/site_contributor/Dept_Transportation_and_Mail_Services/images/1127_13_A_pano_select.jpg
Dance! Trivia! Games! Choose Your Favorite or Try Them All,Architecture; Art & Planning;Arts & Sciences;Agriculture & Life Sciences;Engineering;Human Ecology;SC Johnson College of Business - Dyson School;SC Johnson College of Business - Hotel Administration,Bailey Hall,-76.47668889,42.45844167,,https://images.localist.com/photos/16671/original/7983d1822ccabd48e2e12ff4c5615d071d3d89fd.jpg
Dance! Trivia! Games! Choose Your Favorite or Try Them All,Architecture; Art & Planning;Arts & Sciences;Agriculture & Life Sciences;Engineering;Human Ecology;SC Johnson College of Business - Dyson School;SC Johnson College of Business - Hotel Administration,Robert J & Helen Appel Commons; Top floor,-76.476101,42.453569,,https://www.fs.cornell.edu/facinfo/displayImage.cfm?imageId=3204
Dance! Trivia! Games! Choose Your Favorite or Try Them All,Architecture; Art & Planning;Arts & Sciences;Agriculture & Life Sciences;Engineering;Human Ecology;SC Johnson College of Business - Dyson School;SC Johnson College of Business - Hotel Administration,Robert Purcell Community Center (RPCC),-76.477497,42.455934,,https://images.localist.com/photos/16848/original/d3a937cb9cbaf441de5bceff711b64b4ef07e4e5.jpg
Time-Management Skills; Peer-Led Workshops,Architecture; Art & Planning;Arts & Sciences;Agriculture & Life Sciences;Engineering;Human Ecology;SC Johnson College of Business - Dyson School;SC Johnson College of Business - Hotel Administration;ILR School,Computing and Communications Center (CCC); 420 Computing and Communications Center (CCC),-76.479036,42.449285,,https://upload.wikimedia.org/wikipedia/commons/thumb/4/4d/Cornell_Computing_and_Communications_Center.jpg/1280px-Cornell_Computing_and_Communications_Center.jpg
AAP New Student Orientation,Architecture; Art & Planning,Milstein Hall; Abby and Howard Milstein Auditorium,-76.49131667,42.44799167,,https://images.adsttc.com/media/images/5016/40cb/28ba/0d14/1600/00af/slideshow/stringio.jpg?1414014140
Big Red Marching Band Auditions,Architecture; Art & Planning;Arts & Sciences;Agriculture & Life Sciences;Engineering;Human Ecology;SC Johnson College of Business - Dyson School;SC Johnson College of Business - Hotel Administration;ILR School,Fischell Band Center,-76.47798354,42.44328227,,https://upload.wikimedia.org/wikipedia/commons/thumb/f/f6/Fischell_Band_Center_at_Cornell_University.jpg/1280px-Fischell_Band_Center_at_Cornell_University.jpg
Lemonade; Cookies; and a Warm Welcome: Discover the Tatkon Center,Architecture; Art & Planning;Arts & Sciences;Agriculture & Life Sciences;Engineering;Human Ecology;SC Johnson College of Business - Dyson School;SC Johnson College of Business - Hotel Administration;ILR School,Tatkon Center; Balch Courtyard and Tatkon Center,-76.47917981,42.45325331,,https://upload.wikimedia.org/wikipedia/commons/b/b8/Cornell_Balch_Halls_Exterior.jpg
Cornell Community Essentials,Architecture; Art & Planning;Arts & Sciences;Agriculture & Life Sciences;Engineering;Human Ecology;SC Johnson College of Business - Dyson School;SC Johnson College of Business - Hotel Administration;ILR School,Bailey Hall,-76.47668889,42.45844167,,https://images.localist.com/photos/16671/original/7983d1822ccabd48e2e12ff4c5615d071d3d89fd.jpg
Welcome Picnic,Architecture; Art & Planning;Arts & Sciences;Agriculture & Life Sciences;Engineering;Human Ecology;SC Johnson College of Business - Dyson School;SC Johnson College of Business - Hotel Administration;ILR School,Court-Kay-Bauer (CKB) Quad,-76.47838998,42.45431648,,https://upload.wikimedia.org/wikipedia/commons/thumb/d/d8/Kay_Hall_%28left%29_and_Bauer_Hall_%28right%29%2C_Cornell_University.jpg/1280px-Kay_Hall_%28left%29_and_Bauer_Hall_%28right%29%2C_Cornell_University.jpg
Arch Sings,Architecture; Art & Planning;Arts & Sciences;Agriculture & Life Sciences;Engineering;Human Ecology;SC Johnson College of Business - Dyson School;SC Johnson College of Business - Hotel Administration;ILR School,Balch Arch,-76.478316,42.448307,,https://upload.wikimedia.org/wikipedia/commons/b/b8/Cornell_Balch_Halls_Exterior.jpg
Arch Sings,Architecture; Art & Planning;Arts & Sciences;Agriculture & Life Sciences;Engineering;Human Ecology;SC Johnson College of Business - Dyson School;SC Johnson College of Business - Hotel Administration;ILR School,Baker Flagpole,-76.48188889,42.44780278,,https://news.cornell.edu/sites/default/files/styles/full_size/public/2018-11/UP_2018_1052_007.jpg?itok=LoKZ2hI5
FREE Fun-Filled Orientation to Cornell Cinema,Architecture; Art & Planning;Arts & Sciences;Agriculture & Life Sciences;Engineering;Human Ecology;SC Johnson College of Business - Dyson School;SC Johnson College of Business - Hotel Administration;ILR School,Willard Straight Hall; Cornell Cinema,-76.485645,42.446558,,https://images.localist.com/photos/16661/original/c64bb3e258e57c358c9a40cdcf91a6fb877bcc10.jpg
Cornell Community Essentials,Architecture; Art & Planning;Arts & Sciences;Agriculture & Life Sciences;Engineering;Human Ecology;SC Johnson College of Business - Dyson School;SC Johnson College of Business - Hotel Administration;ILR School,Bailey Hall,-76.47668889,42.45844167,,https://images.localist.com/photos/16671/original/7983d1822ccabd48e2e12ff4c5615d071d3d89fd.jpg
Big Red Band First Night of Performances,Architecture; Art & Planning;Arts & Sciences;Agriculture & Life Sciences;Engineering;Human Ecology;SC Johnson College of Business - Dyson School;SC Johnson College of Business - Hotel Administration;ILR School,Fischell Band Center,-76.47798354,42.44328227,,https://upload.wikimedia.org/wikipedia/commons/thumb/f/f6/Fischell_Band_Center_at_Cornell_University.jpg/1280px-Fischell_Band_Center_at_Cornell_University.jpg
FREE Screening of 'Citizen Kane'; Directed by Orson Welles,Architecture; Art & Planning;Arts & Sciences;Agriculture & Life Sciences;Engineering;Human Ecology;SC Johnson College of Business - Dyson School;SC Johnson College of Business - Hotel Administration;ILR School,Willard Straight Hall; Cornell Cinema,-76.485645,42.446558,,https://images.localist.com/photos/16661/original/c64bb3e258e57c358c9a40cdcf91a6fb877bcc10.jpg
First-Year Writing Seminar Information Session,Architecture; Art & Planning;Arts & Sciences;Agriculture & Life Sciences;Engineering;Human Ecology;SC Johnson College of Business - Dyson School;SC Johnson College of Business - Hotel Administration;ILR School,Rockefeller Hall; 122,-76.481771,42.448983,,https://upload.wikimedia.org/wikipedia/commons/1/1c/Rockefeller_Hall_at_Cornell_University.jpg
AAP Department Meetings for New Undergraduate Students,Architecture; Art & Planning,Sibley Hall; Locations vary by department,-76.4841,42.450913,,https://images.localist.com/photos/16637/original/a6a8ea8d1cdd916bd3988b67c2b39d0f2c970073.jpg
Free IT Services That Offer a Competitive Edge,Architecture; Art & Planning;Arts & Sciences;Agriculture & Life Sciences;Engineering;Human Ecology;SC Johnson College of Business - Dyson School;SC Johnson College of Business - Hotel Administration;ILR School,Tatkon Center; 3330,-76.47917981,42.45325331,,https://upload.wikimedia.org/wikipedia/commons/b/b8/Cornell_Balch_Halls_Exterior.jpg
First-Year Writing Seminar Information Session,Architecture; Art & Planning;Arts & Sciences;Agriculture & Life Sciences;Engineering;Human Ecology;SC Johnson College of Business - Dyson School;SC Johnson College of Business - Hotel Administration;ILR School,Rockefeller Hall; 122,-76.481771,42.448983,,https://upload.wikimedia.org/wikipedia/commons/1/1c/Rockefeller_Hall_at_Cornell_University.jpg
Net-Print 101--Set Up Your Laptop with Net-Print and Print Your First Assignment or Syllabus,Architecture; Art & Planning;Arts & Sciences;Agriculture & Life Sciences;Engineering;Human Ecology;SC Johnson College of Business - Dyson School;SC Johnson College of Business - Hotel Administration;ILR School,Tatkon Center; 3330,-76.47917981,42.45325331,,https://upload.wikimedia.org/wikipedia/commons/b/b8/Cornell_Balch_Halls_Exterior.jpg
Lemonade; Cookies; and a Warm Welcome: Discover the Tatkon Center,Architecture; Art & Planning;Arts & Sciences;Agriculture & Life Sciences;Engineering;Human Ecology;SC Johnson College of Business - Dyson School;SC Johnson College of Business - Hotel Administration;ILR School,Tatkon Center; Balch Courtyard and Tatkon Center,-76.47917981,42.45325331,,https://upload.wikimedia.org/wikipedia/commons/b/b8/Cornell_Balch_Halls_Exterior.jpg
Time-Management Skills; Peer-Led Workshops,Architecture; Art & Planning;Arts & Sciences;Agriculture & Life Sciences;Engineering;Human Ecology;SC Johnson College of Business - Dyson School;SC Johnson College of Business - Hotel Administration;ILR School,Computing and Communications Center (CCC); 420 Computing and Communications Center (CCC),-76.479036,42.449285,,https://upload.wikimedia.org/wikipedia/commons/thumb/4/4d/Cornell_Computing_and_Communications_Center.jpg/1280px-Cornell_Computing_and_Communications_Center.jpg
Cornell Community Essentials,Architecture; Art & Planning;Arts & Sciences;Agriculture & Life Sciences;Engineering;Human Ecology;SC Johnson College of Business - Dyson School;SC Johnson College of Business - Hotel Administration;ILR School,Bailey Hall,-76.47668889,42.45844167,,https://images.localist.com/photos/16671/original/7983d1822ccabd48e2e12ff4c5615d071d3d89fd.jpg
Arch Sings,Architecture; Art & Planning;Arts & Sciences;Agriculture & Life Sciences;Engineering;Human Ecology;SC Johnson College of Business - Dyson School;SC Johnson College of Business - Hotel Administration;ILR School,Baker Flagpole,-76.48188889,42.44780278,,https://news.cornell.edu/sites/default/files/styles/full_size/public/2018-11/UP_2018_1052_007.jpg?itok=LoKZ2hI5
FREE Screening of 'Howl's Moving Castle'; Directed by Hayao Miyazaki,Architecture; Art & Planning;Arts & Sciences;Agriculture & Life Sciences;Engineering;Human Ecology;SC Johnson College of Business - Dyson School;SC Johnson College of Business - Hotel Administration;ILR School,Willard Straight Hall; Cornell Cinema,-76.485645,42.446558,,https://images.localist.com/photos/16661/original/c64bb3e258e57c358c9a40cdcf91a6fb877bcc10.jpg
Cornell Community Essentials,Architecture; Art & Planning;Arts & Sciences;Agriculture & Life Sciences;Engineering;Human Ecology;SC Johnson College of Business - Dyson School;SC Johnson College of Business - Hotel Administration;ILR School,Bailey Hall,-76.47668889,42.45844167,,https://images.localist.com/photos/16671/original/7983d1822ccabd48e2e12ff4c5615d071d3d89fd.jpg
Build a Big Red Rec Bear,Architecture; Art & Planning;Arts & Sciences;Agriculture & Life Sciences;Engineering;Human Ecology;SC Johnson College of Business - Dyson School;SC Johnson College of Business - Hotel Administration;ILR School,Noyes Community and Recreation Center,-76.47118312,42.44316616,,https://upload.wikimedia.org/wikipedia/commons/thumb/d/dc/Cornell_Noyes_Recreation_Center_March09.jpg/1280px-Cornell_Noyes_Recreation_Center_March09.jpg
Ecology House (Eco) Opening Campfire,Architecture; Art & Planning;Arts & Sciences;Agriculture & Life Sciences;Engineering;Human Ecology;SC Johnson College of Business - Dyson School;SC Johnson College of Business - Hotel Administration;ILR School,Hurlburt House; Backyard,-76.483945,42.457931,,https://images.localist.com/photos/18818/original/ef986fd78079369aadc46b8c887cb262c2c244dd.jpg
Arch Sings,Architecture; Art & Planning;Arts & Sciences;Agriculture & Life Sciences;Engineering;Human Ecology;SC Johnson College of Business - Dyson School;SC Johnson College of Business - Hotel Administration;ILR School,Balch Arch,-76.478316,42.448307,,https://upload.wikimedia.org/wikipedia/commons/b/b8/Cornell_Balch_Halls_Exterior.jpg
FREE Screening of 'Booksmart'; Directed by Olivia Wilde,Architecture; Art & Planning;Arts & Sciences;Agriculture & Life Sciences;Engineering;Human Ecology;SC Johnson College of Business - Dyson School;SC Johnson College of Business - Hotel Administration;ILR School,Willard Straight Hall; Cornell Cinema,-76.485645,42.446558,,https://images.localist.com/photos/16661/original/c64bb3e258e57c358c9a40cdcf91a6fb877bcc10.jpg
Time-Management Skills; Peer-Led Workshops,Architecture; Art & Planning;Arts & Sciences;Agriculture & Life Sciences;Engineering;Human Ecology;SC Johnson College of Business - Dyson School;SC Johnson College of Business - Hotel Administration;ILR School,Computing and Communications Center (CCC); 420 Computing and Communications Center (CCC),-76.479036,42.449285,,https://upload.wikimedia.org/wikipedia/commons/thumb/4/4d/Cornell_Computing_and_Communications_Center.jpg/1280px-Cornell_Computing_and_Communications_Center.jpg
Meet; Greet; and Eat with Student Services; Admissions; and IT Solutions,Architecture; Art & Planning,Sibley Hall; 235 Sibley Dome,-76.4841,42.450913,,https://images.localist.com/photos/16637/original/a6a8ea8d1cdd916bd3988b67c2b39d0f2c970073.jpg
Focus on YOU!,Architecture; Art & Planning,Sibley Hall; 101,-76.4841,42.450913,,https://images.localist.com/photos/16637/original/a6a8ea8d1cdd916bd3988b67c2b39d0f2c970073.jpg
The Spirit of Cornell,Architecture; Art & Planning;Arts & Sciences;Agriculture & Life Sciences;Engineering;Human Ecology;SC Johnson College of Business - Dyson School;SC Johnson College of Business - Hotel Administration;ILR School,Anabel Taylor Hall; Anabel Taylor Hall Lawn,-76.485615,42.444933,,https://upload.wikimedia.org/wikipedia/commons/thumb/3/34/Anabel_Taylor_Hall_at_Cornell_University.jpg/1280px-Anabel_Taylor_Hall_at_Cornell_University.jpg
Cookies and Careers,Architecture; Art & Planning,Sibley Hall; B1,-76.4841,42.450913,,https://images.localist.com/photos/16637/original/a6a8ea8d1cdd916bd3988b67c2b39d0f2c970073.jpg
Cornell Chimes Concert and McGraw Tower Open House,Architecture; Art & Planning;Arts & Sciences;Agriculture & Life Sciences;Engineering;Human Ecology;SC Johnson College of Business - Dyson School;SC Johnson College of Business - Hotel Administration;ILR School,McGraw Tower,-76.48505278,42.44755833,,https://upload.wikimedia.org/wikipedia/commons/thumb/e/e6/Cornell_McGraw_Tower_and_Uris_Library_March09_2.jpg/1280px-Cornell_McGraw_Tower_and_Uris_Library_March09_2.jpg
Performing and Media Arts Open House,Architecture; Art & Planning;Arts & Sciences;Agriculture & Life Sciences;Engineering;Human Ecology;SC Johnson College of Business - Dyson School;SC Johnson College of Business - Hotel Administration;ILR School,Schwartz Center for Performing Arts; Flex Theatre,-76.48593,42.442437,,https://images.localist.com/photos/30768689232836/original/0b960fc934a73e7ddc9f75ffdf902e06d24f5923.jpg
Lemonade; Cookies; and a Warm Welcome: Discover the Tatkon Center,Architecture; Art & Planning;Arts & Sciences;Agriculture & Life Sciences;Engineering;Human Ecology;SC Johnson College of Business - Dyson School;SC Johnson College of Business - Hotel Administration;ILR School,Tatkon Center; Balch Courtyard and Tatkon Center,-76.47917981,42.45325331,,https://upload.wikimedia.org/wikipedia/commons/b/b8/Cornell_Balch_Halls_Exterior.jpg
Engage with Local and Global Communities,Architecture; Art & Planning;Arts & Sciences;Agriculture & Life Sciences;Engineering;Human Ecology;SC Johnson College of Business - Dyson School;SC Johnson College of Business - Hotel Administration;ILR School,Kennedy Hall; Call Alumni Auditorium,-76.479259,42.448094,,https://upload.wikimedia.org/wikipedia/commons/0/0b/Kennedy-Roberts_Hall_at_Cornell_University.jpg
Ice Cream Social at the Engaged Cornell Hub,Architecture; Art & Planning;Arts & Sciences;Agriculture & Life Sciences;Engineering;Human Ecology;SC Johnson College of Business - Dyson School;SC Johnson College of Business - Hotel Administration;ILR School,Kennedy Hall; 3rd Floor,-76.479259,42.448094,,https://upload.wikimedia.org/wikipedia/commons/0/0b/Kennedy-Roberts_Hall_at_Cornell_University.jpg
Walk and Talk with Cornell Minds Matter,Architecture; Art & Planning;Arts & Sciences;Agriculture & Life Sciences;Engineering;Human Ecology;SC Johnson College of Business - Dyson School;SC Johnson College of Business - Hotel Administration;ILR School,Willard Straight Hall; Lobby,-76.485645,42.446558,,https://images.localist.com/photos/16661/original/c64bb3e258e57c358c9a40cdcf91a6fb877bcc10.jpg
Gap Year Meet and Greet,Architecture; Art & Planning;Arts & Sciences;Agriculture & Life Sciences;Engineering;Human Ecology;SC Johnson College of Business - Dyson School;SC Johnson College of Business - Hotel Administration,Willard Straight Hall; International Lounge,-76.485645,42.446558,,https://images.localist.com/photos/16661/original/c64bb3e258e57c358c9a40cdcf91a6fb877bcc10.jpg
First-Generation New Student Social,Architecture; Art & Planning;Arts & Sciences;Agriculture & Life Sciences;Engineering;Human Ecology;SC Johnson College of Business - Dyson School;SC Johnson College of Business - Hotel Administration;ILR School,626 Thurston; Conference Room,-76.4808654,42.45183314,,https://www.fs.cornell.edu/facinfo/displayImage.cfm?imageId=4767
Queer Connections: LGBT Resource Center Meet and Greet,Architecture; Art & Planning;Arts & Sciences;Agriculture & Life Sciences;Engineering;Human Ecology;SC Johnson College of Business - Dyson School;SC Johnson College of Business - Hotel Administration;ILR School,626 Thurston; LGBT Resource Center,-76.4808654,42.45183314,,https://www.fs.cornell.edu/facinfo/displayImage.cfm?imageId=4767
Class of 2023 Photo,Architecture; Art & Planning;Arts & Sciences;Agriculture & Life Sciences;Engineering;Human Ecology;SC Johnson College of Business - Dyson School;SC Johnson College of Business - Hotel Administration,Libe Slope; behind Willard Straight Hall,-76.48636809,42.44857434,,https://live.staticflickr.com/5077/14259523013_da7530e63b_b.jpg
Student Veterans Meet and Greet,Architecture; Art & Planning;Arts & Sciences;Agriculture & Life Sciences;Engineering;Human Ecology;SC Johnson College of Business - Dyson School;SC Johnson College of Business - Hotel Administration;ILR School,Willard Straight Hall; Art Gallery,-76.485645,42.446558,,https://images.localist.com/photos/16661/original/c64bb3e258e57c358c9a40cdcf91a6fb877bcc10.jpg
CU Jazz Jam Session,Architecture; Art & Planning;Arts & Sciences;Agriculture & Life Sciences;Engineering;Human Ecology;SC Johnson College of Business - Dyson School;SC Johnson College of Business - Hotel Administration;ILR School,Lincoln Hall; Loading Dock,-76.483496,42.450147,,https://upload.wikimedia.org/wikipedia/commons/thumb/5/56/Lincoln_Hall_2000_addition%2C_Cornell_University.jpg/1280px-Lincoln_Hall_2000_addition%2C_Cornell_University.jpg
FREE Screening of 'Citizen Kane'; Directed by Orson Welles,Architecture; Art & Planning;Arts & Sciences;Agriculture & Life Sciences;Engineering;Human Ecology;SC Johnson College of Business - Dyson School;SC Johnson College of Business - Hotel Administration;ILR School,Willard Straight Hall; Cornell Cinema,-76.485645,42.446558,,https://images.localist.com/photos/16661/original/c64bb3e258e57c358c9a40cdcf91a6fb877bcc10.jpg
FREE Screening of 'Howl's Moving Castle'; Directed by Hayao Miyazaki,Architecture; Art & Planning;Arts & Sciences;Agriculture & Life Sciences;Engineering;Human Ecology;SC Johnson College of Business - Dyson School;SC Johnson College of Business - Hotel Administration;ILR School,Willard Straight Hall; Cornell Cinema,-76.485645,42.446558,,https://images.localist.com/photos/16661/original/c64bb3e258e57c358c9a40cdcf91a6fb877bcc10.jpg
FREE Screening of 'The River and the Wall'; Directed by Ben Masters,Architecture; Art & Planning;Arts & Sciences;Agriculture & Life Sciences;Engineering;Human Ecology;SC Johnson College of Business - Dyson School;SC Johnson College of Business - Hotel Administration;ILR School,Willard Straight Hall; Cornell Cinema,-76.485645,42.446558,,https://images.localist.com/photos/16661/original/c64bb3e258e57c358c9a40cdcf91a6fb877bcc10.jpg
Stage Crew Meeting,Architecture; Art & Planning;Arts & Sciences;Agriculture & Life Sciences;Engineering;Human Ecology;SC Johnson College of Business - Dyson School;SC Johnson College of Business - Hotel Administration;ILR School,Schwartz Center for Performing Arts; Schwartz Center,-76.48593,42.442437,,https://images.localist.com/photos/30768689232836/original/0b960fc934a73e7ddc9f75ffdf902e06d24f5923.jpg
Tatkon Block Party: Celebrate Your First Week!,Architecture; Art & Planning;Arts & Sciences;Agriculture & Life Sciences;Engineering;Human Ecology;SC Johnson College of Business - Dyson School;SC Johnson College of Business - Hotel Administration;ILR School,Tatkon Center; Inside Tatkon Center if rain.,-76.47917981,42.45325331,,https://upload.wikimedia.org/wikipedia/commons/b/b8/Cornell_Balch_Halls_Exterior.jpg
Bienvenidos BBQ,Architecture; Art & Planning;Arts & Sciences;Agriculture & Life Sciences;Engineering;Human Ecology;SC Johnson College of Business - Dyson School;SC Johnson College of Business - Hotel Administration;ILR School,Anna Comstock House; Latino Living Center Courtyard,-76.482343,42.453918,,https://upload.wikimedia.org/wikipedia/commons/thumb/e/e8/COMSTOCK_HALL%2C_CORNELL_UNIVERSITY%2C_TOMPKINS_COUNTY.jpg/1280px-COMSTOCK_HALL%2C_CORNELL_UNIVERSITY%2C_TOMPKINS_COUNTY.jpg
Thank Goodness It's Friday (TGIF),Architecture; Art & Planning;Arts & Sciences;Agriculture & Life Sciences;Engineering;Human Ecology;SC Johnson College of Business - Dyson School;SC Johnson College of Business - Hotel Administration;ILR School,Willard Straight Hall,-76.485645,42.446558,,https://images.localist.com/photos/16661/original/c64bb3e258e57c358c9a40cdcf91a6fb877bcc10.jpg
"FREE Screening of ""Spider-Man: Into the Spiderverse"" in 3D!",Architecture; Art & Planning;Arts & Sciences;Agriculture & Life Sciences;Engineering;Human Ecology;SC Johnson College of Business - Dyson School;SC Johnson College of Business - Hotel Administration;ILR School,Willard Straight Hall; Cornell Cinema,-76.485645,42.446558,,https://images.localist.com/photos/16661/original/c64bb3e258e57c358c9a40cdcf91a6fb877bcc10.jpg
"FREE Screening of ""Captain Marvel""; Directed by Anna Boden and Ryan Fleck",Architecture; Art & Planning;Arts & Sciences;Agriculture & Life Sciences;Engineering;Human Ecology;SC Johnson College of Business - Dyson School;SC Johnson College of Business - Hotel Administration;ILR School,Willard Straight Hall; Cornell Cinema,-76.485645,42.446558,,https://images.localist.com/photos/16661/original/c64bb3e258e57c358c9a40cdcf91a6fb877bcc10.jpg
ECO Fest,Architecture; Art & Planning;Arts & Sciences;Agriculture & Life Sciences;Engineering;Human Ecology;SC Johnson College of Business - Dyson School;SC Johnson College of Business - Hotel Administration;ILR School,Robert Purcell Community Center (RPCC); 1st Floor,-76.477497,42.455934,,https://images.localist.com/photos/16848/original/d3a937cb9cbaf441de5bceff711b64b4ef07e4e5.jpg
New Student Open House at The Cornell Store,Architecture; Art & Planning;Arts & Sciences;Agriculture & Life Sciences;Engineering;Human Ecology;SC Johnson College of Business - Dyson School;SC Johnson College of Business - Hotel Administration;ILR School,The Cornell Store,-76.484202,42.446744,,https://upload.wikimedia.org/wikipedia/commons/thumb/3/35/Cornell_Store%2C_Cornell_University.jpg/1200px-Cornell_Store%2C_Cornell_University.jpg
Welcome Weekend Concert,Architecture; Art & Planning;Arts & Sciences;Agriculture & Life Sciences;Engineering;Human Ecology;SC Johnson College of Business - Dyson School;SC Johnson College of Business - Hotel Administration;ILR School,Arts Quad,-76.484966,42.44211389,,https://fcs.cornell.edu/sites/default/files/imce/site_contributor/Dept_Transportation_and_Mail_Services/images/1127_13_A_pano_select.jpg
Festival 24,Architecture; Art & Planning;Arts & Sciences;Agriculture & Life Sciences;Engineering;Human Ecology;SC Johnson College of Business - Dyson School;SC Johnson College of Business - Hotel Administration;ILR School,Schwartz Center for Performing Arts; Black Box Theatre,-76.48593,42.442437,,https://images.localist.com/photos/30768689232836/original/0b960fc934a73e7ddc9f75ffdf902e06d24f5923.jpg
Wind-Down Zone: Swing By and Talk To Us!,Architecture; Art & Planning;Arts & Sciences;Agriculture & Life Sciences;Engineering;Human Ecology;SC Johnson College of Business - Dyson School;SC Johnson College of Business - Hotel Administration;ILR School,Balch Arch; Front Lawn,-76.478316,42.448307,,https://upload.wikimedia.org/wikipedia/commons/b/b8/Cornell_Balch_Halls_Exterior.jpg
Cornell International Fair,Architecture; Art & Planning;Arts & Sciences;Agriculture & Life Sciences;Engineering;Human Ecology;SC Johnson College of Business - Dyson School;SC Johnson College of Business - Hotel Administration;ILR School,Uris Hall; Terrace,-76.482197,42.447205,,https://i2.wp.com/ithacavoice.com/wp-content/uploads/2014/09/Cornell_Uris_Hall_1.jpg?resize=1080%2C810&ssl=1
Reflect at Cornell Welcome Dinner,Architecture; Art & Planning;Arts & Sciences;Agriculture & Life Sciences;Engineering;Human Ecology;SC Johnson College of Business - Dyson School;SC Johnson College of Business - Hotel Administration,Tatkon Center; 3330,-76.47917981,42.45325331,,https://upload.wikimedia.org/wikipedia/commons/b/b8/Cornell_Balch_Halls_Exterior.jpg
Serving Up Sustainability (Special Dinner),Architecture; Art & Planning;Arts & Sciences;Agriculture & Life Sciences;Engineering;Human Ecology;SC Johnson College of Business - Dyson School;SC Johnson College of Business - Hotel Administration;ILR School,Robert Purcell Community Center (RPCC); Robert Purcell Marketplace Eatery,-76.477497,42.455934,,https://images.localist.com/photos/16848/original/d3a937cb9cbaf441de5bceff711b64b4ef07e4e5.jpg
A&S Student Briefing,Arts & Sciences,Bailey Hall,-76.47668889,42.45844167,,https://images.localist.com/photos/16671/original/7983d1822ccabd48e2e12ff4c5615d071d3d89fd.jpg
Everything Econ,Arts & Sciences,Baker Laboratory; Baker Auditorium 200,-76.51018611,42.44296111,,https://www.fs.cornell.edu/fs/facinfo/displayImage.cfm?imageId=2019
Pre-Medical/Pre-Dental Orientation: Preparing for Human Health Professions,Arts & Sciences,Klarman Hall; Rhodes-Rawlings Auditorium; KG70,-76.48302913,42.4490956,,https://news.cornell.edu/sites/chronicle.cornell/files/KlarmanHall460.jpg?itok=6qGk3RkG
Choosing Your First Course in Computer Science,Arts & Sciences,Baker Laboratory; Baker Auditorium; 200,-76.51018611,42.44296111,,https://www.fs.cornell.edu/fs/facinfo/displayImage.cfm?imageId=2019
Getting Involved in Music; Theatre; Film; and Dance at Cornell,Arts & Sciences,Goldwin Smith Hall; HEC Auditorium; 132,-76.483473,42.449063,,https://images.localist.com/photos/16561/original/de5bdc675be16660492806e1bf6fa2ae654e5c56.jpg
Majoring in Physics,Arts & Sciences,Physical Sciences Building; 120,-76.481767,42.449892,,https://upload.wikimedia.org/wikipedia/commons/thumb/1/18/Physical_Sciences_building%2C_Cornell_University.jpg/1280px-Physical_Sciences_building%2C_Cornell_University.jpg
A&S Academic Open House,Arts & Sciences,Physical Sciences Building,-76.481767,42.449892,,https://upload.wikimedia.org/wikipedia/commons/thumb/1/18/Physical_Sciences_building%2C_Cornell_University.jpg/1280px-Physical_Sciences_building%2C_Cornell_University.jpg
Getting Involved in Research,Arts & Sciences,Klarman Hall; Rhodes Rawlings Auditorium; KG70,-76.48302913,42.4490956,,https://news.cornell.edu/sites/chronicle.cornell/files/KlarmanHall460.jpg?itok=6qGk3RkG
Orientation Leader Meeting I: First-Year Students,Arts & Sciences,Arts Quad; Walk the loop around the quad,-76.484966,42.44211389,,https://fcs.cornell.edu/sites/default/files/imce/site_contributor/Dept_Transportation_and_Mail_Services/images/1127_13_A_pano_select.jpg
Meet Your Faculty Advisor,Arts & Sciences,Various locations,0,0,,https://ncre.cornell.edu/sites/ncre/files/2019-04/Aerial%20view%20of%20North%20Campus%20TIFF%201396_05_111_select.jpg
Biological Sciences: First-Year Student Advising Meeting,Arts & Sciences;Agriculture & Life Sciences,Kennedy Hall; Call Alumni Auditorium,-76.479259,42.448094,,https://upload.wikimedia.org/wikipedia/commons/0/0b/Kennedy-Roberts_Hall_at_Cornell_University.jpg
Meet Your Peer Advisor,Arts & Sciences,Various locations; visit as.cornell.edu/your-advisors,0,0,,https://ncre.cornell.edu/sites/ncre/files/2019-04/Aerial%20view%20of%20North%20Campus%20TIFF%201396_05_111_select.jpg
A&S Multicultural Students Welcome Lunch,Arts & Sciences,Clark Hall; 700,-76.481122,42.449819,,https://upload.wikimedia.org/wikipedia/commons/thumb/6/61/Clark_Hall_of_Science%2C_Cornell_University.jpg/1280px-Clark_Hall_of_Science%2C_Cornell_University.jpg
Career Development for New Students: The Essentials,Arts & Sciences,Klarman Hall; Rhodes-Rawlings Auditorium,-76.48302913,42.4490956,,https://news.cornell.edu/sites/chronicle.cornell/files/KlarmanHall460.jpg?itok=6qGk3RkG
Study Abroad Info Session,Arts & Sciences,Goldwin Smith Hall; HEC Auditorium; 132,-76.483473,42.449063,,https://images.localist.com/photos/16561/original/de5bdc675be16660492806e1bf6fa2ae654e5c56.jpg
Getting Involved in Research,Arts & Sciences,Klarman Hall; KG70 Rhodes Rawlings Auditorium,-76.48302913,42.4490956,,https://news.cornell.edu/sites/chronicle.cornell/files/KlarmanHall460.jpg?itok=6qGk3RkG
Orientation Leader Meeting I: First-Year Students,Agriculture & Life Sciences,Ag Quad; Walk the Loop Around the Quad to Find Your Group,-76.4785992,42.44874224,,https://cals.cornell.edu/sites/cals.cornell.edu/files/news/Renovated%20Aq%20Quad.jpg
CALS Department Meetings for New Students,Agriculture & Life Sciences,Ag Quad; Varies by department,-76.4785992,42.44874224,,https://cals.cornell.edu/sites/cals.cornell.edu/files/news/Renovated%20Aq%20Quad.jpg
Dean's Welcome and Information Session,Agriculture & Life Sciences,Bailey Hall,-76.47668889,42.45844167,,https://images.localist.com/photos/16671/original/7983d1822ccabd48e2e12ff4c5615d071d3d89fd.jpg
CALS Department Meetings for New Students,Agriculture & Life Sciences,Ag Quad; Varies by department,-76.4785992,42.44874224,,https://cals.cornell.edu/sites/cals.cornell.edu/files/news/Renovated%20Aq%20Quad.jpg
Ice Cream Social,Agriculture & Life Sciences,Ag Quad,-76.4785992,42.44874224,,https://cals.cornell.edu/sites/cals.cornell.edu/files/news/Renovated%20Aq%20Quad.jpg
Engineering First-Year Student Academic Briefings,Engineering,Engineering Quad; Various locations,-76.48362705,42.44452444,,https://www.thoughtco.com/thmb/Xe21HPx_Jf5nZAdUe-88sAl9Ue4=/2286x1524/filters:no_upscale():max_bytes(150000):strip_icc()/engineeringquadcornell-5c4c842ac9e77c0001d7b9cb.JPG
Engineering Light Dinner Reception and Major Information Fair,Engineering,Duffield Hall; Swanson Atrium,-76.482571,42.444667,,https://pcvd.cornell.edu/wp-content/uploads/2018/01/proxy.duckduckgo.com_-1-1800x900.jpg
Engineering Mathematics Advanced Standing Exam,Engineering,Olin Hall; 155,-76.474015,42.441053,,https://upload.wikimedia.org/wikipedia/commons/thumb/2/26/Olin_Hall_Chemical_Engineering%2C_Cornell_University.jpg/1280px-Olin_Hall_Chemical_Engineering%2C_Cornell_University.jpg
Orientation Leader Meeting I: First-Year Students,Engineering,Engineering Quad; Find Your Group,-76.48362705,42.44452444,,https://www.thoughtco.com/thmb/Xe21HPx_Jf5nZAdUe-88sAl9Ue4=/2286x1524/filters:no_upscale():max_bytes(150000):strip_icc()/engineeringquadcornell-5c4c842ac9e77c0001d7b9cb.JPG
First-Year Student Group Meetings with Faculty/Peer Advisors,Engineering,Various locations,0,0,,https://ncre.cornell.edu/sites/ncre/files/2019-04/Aerial%20view%20of%20North%20Campus%20TIFF%201396_05_111_select.jpg
Drop-in Advising Hours,Engineering,Rhodes Hall; Engineering Advising Office,-76.481356,42.443425,,https://www.fs.cornell.edu/fs/facinfo/displayImage.cfm?imageId=2051
Drop-in Advising Hours,Engineering,Rhodes Hall; Engineering Advising Office,-76.481356,42.443425,,https://www.fs.cornell.edu/fs/facinfo/displayImage.cfm?imageId=2051
Drop-in Advising Hours,Engineering,Rhodes Hall; Engineering Advising Office,-76.481356,42.443425,,https://www.fs.cornell.edu/fs/facinfo/displayImage.cfm?imageId=2051
Drop-in Advising Hours,Engineering,Rhodes Hall; Engineering Advising Office,-76.481356,42.443425,,https://www.fs.cornell.edu/fs/facinfo/displayImage.cfm?imageId=2051
College of Human Ecology New Families Welcome Reception,Human Ecology,Martha Van Rensselaer Hall; Human Ecology Commons,-76.478671,42.450011,,https://images.localist.com/photos/16593/original/3b69ed71f404977ae1a0decba024285a155a3342.jpg
Human Ecology College Briefing for New Students,Human Ecology,Kennedy Hall; Call Alumni Auditorium,-76.479259,42.448094,,https://upload.wikimedia.org/wikipedia/commons/0/0b/Kennedy-Roberts_Hall_at_Cornell_University.jpg
Human Ecology Varsity Athletes Meeting,Human Ecology,Academic Surge Facility A; 109,-76.478316,42.448307,,https://www.fs.cornell.edu/fs/facinfo/displayImage.cfm?imageId=1047
Orientation Leader Meeting I: First-Year Students,Human Ecology,Bailey Hall; Plaza in Front of Bailey to Find Your Group,-76.47668889,42.45844167,,https://images.localist.com/photos/16671/original/7983d1822ccabd48e2e12ff4c5615d071d3d89fd.jpg
Human Ecology Academic Meetings for All New Students,Human Ecology,Human Ecology Building,-76.478616,42.450482,,https://live.staticflickr.com/7215/6941397444_be61134a53_b.jpg
Human Ecology Pre-Medical/Pre-Health Orientation,Human Ecology,MVR - Martha Van Rensselaer Hall; G71,-76.46935278,42.44789722,,https://images.localist.com/photos/16593/original/3b69ed71f404977ae1a0decba024285a155a3342.jpg
Human Ecology Open House: Introduction to Advising and Career Planning Resources,Human Ecology,Academic Surge Facility A; 119,-76.478316,42.448307,,https://www.fs.cornell.edu/fs/facinfo/displayImage.cfm?imageId=1047
Multicultural/Educational Opportunity Program (EOP) Orientation,Human Ecology,MVR - Martha Van Rensselaer Hall; G73,-76.46935278,42.44789722,,https://images.localist.com/photos/16593/original/3b69ed71f404977ae1a0decba024285a155a3342.jpg
THRIVE at Cornell: for All New Students in Human Ecology,Human Ecology,Uris Hall; G1 Uris Auditorium,-76.482197,42.447205,,https://i2.wp.com/ithacavoice.com/wp-content/uploads/2014/09/Cornell_Uris_Hall_1.jpg?resize=1080%2C810&ssl=1
Dean's Drop-In Welcome,SC Johnson College of Business - Dyson School,Ag Quad; Tent,-76.4785992,42.44874224,,https://cals.cornell.edu/sites/cals.cornell.edu/files/news/Renovated%20Aq%20Quad.jpg
Dyson Opening and Ice Cream Social,SC Johnson College of Business - Dyson School,Ag Quad; Tent,-76.4785992,42.44874224,,https://cals.cornell.edu/sites/cals.cornell.edu/files/news/Renovated%20Aq%20Quad.jpg
Orientation Leader Meeting I: First-Year Students,SC Johnson College of Business - Dyson School,Ag Quad; End of Quad Near Kennedy Hall to Find Your Group,-76.4785992,42.44874224,,https://cals.cornell.edu/sites/cals.cornell.edu/files/news/Renovated%20Aq%20Quad.jpg
Dyson Success! New Student Orientation Part I,SC Johnson College of Business - Dyson School,Warren Hall; B25,-76.477098,42.449213,,https://cornellsun.com/wp-content/uploads/2018/09/Pg-1-Warren-by-Cameron-Pollack-Senior-Photographer.jpg
Meet Your Dyson and Hotel School Ambassadors for Pizza on the Plaza,SC Johnson College of Business - Dyson School;SC Johnson College of Business - Hotel Administration,Statue of Hercules; Peter Plaza outside Statler Hotel,-76.48234655,42.44683056,,https://66.media.tumblr.com/ac43363abacd84a2365aa7b902da943d/tumblr_mt2sbbMrnC1s17hwuo1_1280.jpg
Dyson Success! New Student Orientation Part II,SC Johnson College of Business - Dyson School,Warren Hall; B25,-76.477098,42.449213,,https://cornellsun.com/wp-content/uploads/2018/09/Pg-1-Warren-by-Cameron-Pollack-Senior-Photographer.jpg
Dyson Faculty and Student Connection Event,SC Johnson College of Business - Dyson School,Ag Quad; Tent,-76.4785992,42.44874224,,https://cals.cornell.edu/sites/cals.cornell.edu/files/news/Renovated%20Aq%20Quad.jpg
Career Management Info Session for First-Year Students,SC Johnson College of Business - Dyson School;SC Johnson College of Business - Hotel Administration,Kennedy Hall; Call Alumni Auditorium,-76.479259,42.448094,,https://upload.wikimedia.org/wikipedia/commons/0/0b/Kennedy-Roberts_Hall_at_Cornell_University.jpg
Dyson Academic Advising and Registrar Drop-In,SC Johnson College of Business - Dyson School,Warren Hall; B34,-76.477098,42.449213,,https://cornellsun.com/wp-content/uploads/2018/09/Pg-1-Warren-by-Cameron-Pollack-Senior-Photographer.jpg
Dyson Academic Advising and Registrar Drop-In,SC Johnson College of Business - Dyson School,Warren Hall; B34,-76.477098,42.449213,,https://cornellsun.com/wp-content/uploads/2018/09/Pg-1-Warren-by-Cameron-Pollack-Senior-Photographer.jpg
SC Johnson College of Business Welcome Event,SC Johnson College of Business - Dyson School;SC Johnson College of Business - Hotel Administration,Statler Hall; Statler Auditorium,-76.48215482,42.44577564,,https://upload.wikimedia.org/wikipedia/commons/thumb/0/0b/Statler_Hall%2C_Cornell_University%2C_west_facade.jpg/1280px-Statler_Hall%2C_Cornell_University%2C_west_facade.jpg
Nestle Hotel Library Open House,SC Johnson College of Business - Hotel Administration,Statler Hall; G80,-76.48215482,42.44577564,,https://upload.wikimedia.org/wikipedia/commons/thumb/0/0b/Statler_Hall%2C_Cornell_University%2C_west_facade.jpg/1280px-Statler_Hall%2C_Cornell_University%2C_west_facade.jpg
Cornell Hotel Society Pinning Ceremony,SC Johnson College of Business - Hotel Administration,Statler Hall; Statler Auditorium,-76.48215482,42.44577564,,https://upload.wikimedia.org/wikipedia/commons/thumb/0/0b/Statler_Hall%2C_Cornell_University%2C_west_facade.jpg/1280px-Statler_Hall%2C_Cornell_University%2C_west_facade.jpg
Orientation Leader Meeting I: First-Year Students,SC Johnson College of Business - Hotel Administration,Peter Plaza; By the Herakles Sculpture to Find Your Group,-76.48222237,42.44687932,,https://66.media.tumblr.com/ac43363abacd84a2365aa7b902da943d/tumblr_mt2sbbMrnC1s17hwuo1_1280.jpg
New Student Hotel School Orientation,SC Johnson College of Business - Hotel Administration,Statler Hall; Statler Auditorium,-76.48215482,42.44577564,,https://upload.wikimedia.org/wikipedia/commons/thumb/0/0b/Statler_Hall%2C_Cornell_University%2C_west_facade.jpg/1280px-Statler_Hall%2C_Cornell_University%2C_west_facade.jpg
Essentials for Hotel School Success,SC Johnson College of Business - Hotel Administration,Statler Hall; Statler Auditorium,-76.48215482,42.44577564,,https://upload.wikimedia.org/wikipedia/commons/thumb/0/0b/Statler_Hall%2C_Cornell_University%2C_west_facade.jpg/1280px-Statler_Hall%2C_Cornell_University%2C_west_facade.jpg
Optional Walk-In Advising for New Students,SC Johnson College of Business - Hotel Administration,Statler Hall; 180,-76.48215482,42.44577564,,https://upload.wikimedia.org/wikipedia/commons/thumb/0/0b/Statler_Hall%2C_Cornell_University%2C_west_facade.jpg/1280px-Statler_Hall%2C_Cornell_University%2C_west_facade.jpg
Orientation Leader Meeting I: Transfer and Exchange Students,Architecture; Art & Planning,Goldwin Smith Hall; 160,-76.483473,42.449063,,https://images.localist.com/photos/16561/original/de5bdc675be16660492806e1bf6fa2ae654e5c56.jpg
Night at the Johnson: Welcome Transfer and Exchange Students!,Architecture; Art & Planning;Arts & Sciences;Agriculture & Life Sciences;Engineering;Human Ecology;ILR School;SC Johnson College of Business - Dyson School,Johnson Museum of Art,-76.48607233,42.45072827,,https://images.adsttc.com/media/images/5038/0794/28ba/0d59/9b00/0a04/newsletter/stringio.jpg?1414197905
Orientation Leader Meeting II: Transfer and Exchange Students,Architecture; Art & Planning;Arts & Sciences;Agriculture & Life Sciences;Engineering;Human Ecology;ILR School;SC Johnson College of Business - Dyson School,Location will be shared in Orientation Meeting I,0,0,,https://ncre.cornell.edu/sites/ncre/files/2019-04/Aerial%20view%20of%20North%20Campus%20TIFF%201396_05_111_select.jpg
Movie Night! Transfer and Exchange Students,Architecture; Art & Planning;Arts & Sciences;Agriculture & Life Sciences;Engineering;Human Ecology;ILR School;SC Johnson College of Business - Dyson School,Willard Straight Hall; Cornell Cinema,-76.485645,42.446558,,https://images.localist.com/photos/16661/original/c64bb3e258e57c358c9a40cdcf91a6fb877bcc10.jpg
WVBR-FM Open House: Student-run Radio Station and Recording Studio,Architecture; Art & Planning;Arts & Sciences;Agriculture & Life Sciences;Engineering;Human Ecology;ILR School;SC Johnson College of Business - Dyson School,Collegetown (Ctown); 604 East Buffalo Street,-76.48523348,42.44165579,,http://www.cornellmedia.org/img/about/4.jpg
Transfer Networking Event,Architecture; Art & Planning;Arts & Sciences;Agriculture & Life Sciences;Engineering;Human Ecology;ILR School;SC Johnson College of Business - Dyson School,Physical Sciences Building; Atrium,-76.481767,42.449892,,https://upload.wikimedia.org/wikipedia/commons/thumb/1/18/Physical_Sciences_building%2C_Cornell_University.jpg/1280px-Physical_Sciences_building%2C_Cornell_University.jpg
Orientation Leader Meeting I: Transfer and Exchange Students,Arts & Sciences,McGraw Hall; 165,-76.48543029,42.44938934,,https://upload.wikimedia.org/wikipedia/commons/thumb/b/b0/Cornell_McGraw_Hall_1.jpg/1280px-Cornell_McGraw_Hall_1.jpg
Biological Sciences: Transfer Student Advising Meeting,Arts & Sciences;Agriculture & Life Sciences,Biotechnology Building; G10,-76.4745151,42.45641904,,https://www.fs.cornell.edu/fs/facinfo/displayImage.cfm?imageId=1018
Orientation Leader Meeting I: Transfer and Exchange Students,Agriculture & Life Sciences,Uris Hall; G01,-76.482197,42.447205,,https://i2.wp.com/ithacavoice.com/wp-content/uploads/2014/09/Cornell_Uris_Hall_1.jpg?resize=1080%2C810&ssl=1
Optional Transfer Student Credit Evaluations,Agriculture & Life Sciences,Roberts Hall; 140,-76.47944,42.448703,,https://upload.wikimedia.org/wikipedia/commons/0/0b/Kennedy-Roberts_Hall_at_Cornell_University.jpg
Engineering Transfer and Exchange Student Welcome; Academic Briefing; and Major Meeting,Engineering,Olin Hall; 245,-76.474015,42.441053,,https://upload.wikimedia.org/wikipedia/commons/thumb/2/26/Olin_Hall_Chemical_Engineering%2C_Cornell_University.jpg/1280px-Olin_Hall_Chemical_Engineering%2C_Cornell_University.jpg
Orientation Leader Meeting I: Transfer and Exchange Students,Engineering,Goldwin Smith Hall; 142,-76.483473,42.449063,,https://images.localist.com/photos/16561/original/de5bdc675be16660492806e1bf6fa2ae654e5c56.jpg
Orientation Leader Meeting I: Transfer and Exchange Students,Human Ecology,Goldwin Smith Hall; G76,-76.483473,42.449063,,https://images.localist.com/photos/16561/original/de5bdc675be16660492806e1bf6fa2ae654e5c56.jpg
Human Ecology Transfer Student Advising Meeting,Human Ecology,MVR - Martha Van Rensselaer Hall; G71,-76.46935278,42.44789722,,https://images.localist.com/photos/16593/original/3b69ed71f404977ae1a0decba024285a155a3342.jpg
Orientation Leader Meeting I: Transfer and Exchange Students,ILR School,Goldwin Smith Hall; 132,-76.483473,42.449063,,https://images.localist.com/photos/16561/original/de5bdc675be16660492806e1bf6fa2ae654e5c56.jpg
ILR New Student Orientation Meeting,ILR School,Ives Hall; 305,-76.481015,42.447248,,https://upload.wikimedia.org/wikipedia/commons/thumb/c/c0/Ives_Hall%2C_Cornell_University.jpg/1280px-Ives_Hall%2C_Cornell_University.jpg
ILR Catherwood Library Orientation Sessions,ILR School,Ives Hall; Catherwood Library,-76.481015,42.447248,,https://upload.wikimedia.org/wikipedia/commons/thumb/c/c0/Ives_Hall%2C_Cornell_University.jpg/1280px-Ives_Hall%2C_Cornell_University.jpg
Transfer Student Panel,ILR School,Ives Hall; 105 Ives Hall,-76.481015,42.447248,,https://upload.wikimedia.org/wikipedia/commons/thumb/c/c0/Ives_Hall%2C_Cornell_University.jpg/1280px-Ives_Hall%2C_Cornell_University.jpg
ILR Peer Mentor Gathering,ILR School,Ives Hall; Classrooms,-76.481015,42.447248,,https://upload.wikimedia.org/wikipedia/commons/thumb/c/c0/Ives_Hall%2C_Cornell_University.jpg/1280px-Ives_Hall%2C_Cornell_University.jpg
Student Experience Team Welcome BBQ,ILR School,Ives Hall; Harry C. Katz Courtyard,-76.481015,42.447248,,https://upload.wikimedia.org/wikipedia/commons/thumb/c/c0/Ives_Hall%2C_Cornell_University.jpg/1280px-Ives_Hall%2C_Cornell_University.jpg
Orientation Leader Meeting I: Transfer and Exchange Students,SC Johnson College of Business - Dyson School,Goldwin Smith Hall; G64,-76.483473,42.449063,,https://images.localist.com/photos/16561/original/de5bdc675be16660492806e1bf6fa2ae654e5c56.jpg
Transfer Student Boot Camp,SC Johnson College of Business - Dyson School,Statler Hall; Statler Auditorium,-76.48215482,42.44577564,,https://upload.wikimedia.org/wikipedia/commons/thumb/0/0b/Statler_Hall%2C_Cornell_University%2C_west_facade.jpg/1280px-Statler_Hall%2C_Cornell_University%2C_west_facade.jpg
Dyson Academic Advising and Registrar Drop-In for Transfer Students,SC Johnson College of Business - Dyson School,Warren Hall; B32,-76.477098,42.449213,,https://cornellsun.com/wp-content/uploads/2018/09/Pg-1-Warren-by-Cameron-Pollack-Senior-Photographer.jpg